{
    "Ar36": {
        "error": 0.0003770974159097561, 
        "filter_outliers_dict": {
            "filter_outliers": true, 
            "iterations": 1, 
            "std_devs": 2
        }, 
        "fit": "Parabolic", 
        "value": 0.07026527913510076
    }, 
    "Ar37": {
        "error": 0.003894115357365201, 
        "filter_outliers_dict": {
            "filter_outliers": true, 
            "iterations": 1, 
            "std_devs": 2
        }, 
        "fit": "linear", 
        "value": 0.013197313926691375
    }, 
    "Ar38": {
        "error": 0.0017133780378039587, 
        "filter_outliers_dict": {
            "filter_outliers": true, 
            "iterations": 1, 
            "std_devs": 2
        }, 
        "fit": "linear", 
        "value": 0.01040138655817546
    }, 
    "Ar39": {
        "error": 0.0073732576732852845, 
        "filter_outliers_dict": {
            "filter_outliers": true, 
            "iterations": 1, 
            "std_devs": 2
        }, 
        "fit": "Parabolic", 
        "value": 0.047806536847426785
    }, 
    "Ar40": {
        "error": 0.009669316244431196, 
        "filter_outliers_dict": {
            "filter_outliers": true, 
            "iterations": 1, 
            "std_devs": 2
        }, 
        "fit": "Parabolic", 
        "value": 18.504707182045074
    }, 
    "Ar41": {
        "error": 0.0049296922199045835, 
        "filter_outliers_dict": {
            "filter_outliers": true, 
            "iterations": 1, 
            "std_devs": 2
        }, 
        "fit": "linear", 
        "value": -0.14996464987993113
    }
}